Metric,Hybrid (Dense + BM25 + RRF) Baseline,Hybrid + AST Rerank,Hybrid + Repo Expansion + AST
MRR,0.2205613368113368,0.2810533277638541,0.33520412141464767
Recall@1,0.13333333333333333,0.21666666666666667,0.23333333333333334
Recall@3,0.21666666666666667,0.21666666666666667,0.25
Recall@5,0.25,0.2833333333333333,0.3333333333333333
Recall@10,0.3333333333333333,0.45,0.5
P95 Latency (ms),164.4650950005597,119.15430999833914,220.9544800025469
